<?xml version="1.0" encoding="UTF-8"?>
<project-private xmlns="http://www.netbeans.org/ns/project-private/1">
    <editor-bookmarks xmlns="http://www.netbeans.org/ns/editor-bookmarks/2" lastBookmarkId="0"/>
    <open-files xmlns="http://www.netbeans.org/ns/projectui-open-files/2">
        <group>
            <file>file:/C:/Users/xvpow/Documents/AndroidHomework/src/androidhomework/singleton/TestSingleton.java</file>
            <file>file:/C:/Users/xvpow/Documents/AndroidHomework/src/androidhomework/tsabstract/TestInterfaceMain.java</file>
            <file>file:/C:/Users/xvpow/Documents/AndroidHomework/src/androidhomework/tsabstract/Sum.java</file>
            <file>file:/C:/Users/xvpow/Documents/AndroidHomework/src/androidhomework/tsabstract/TestAbstractMain.java</file>
            <file>file:/C:/Users/xvpow/Documents/AndroidHomework/src/androidhomework/tsabstract/OnClickListener.java</file>
            <file>file:/C:/Users/xvpow/Documents/AndroidHomework/src/androidhomework/mystatic/TestStaitcMain.java</file>
            <file>file:/C:/Users/xvpow/Documents/AndroidHomework/src/androidhomework/singleton/Connection.java</file>
        </group>
    </open-files>
</project-private>
